{
  "mlx-community/whisper-large-v3-mlx|llama3.2:3b|prince-canuma/Kokoro-82M [prompt=v1-concise-en] [baseline]": {
    "n": 14,
    "end_of_turn_s": {
      "p50": 0.0008493750356137753,
      "p95": 0.8566187079995871,
      "p99": 0.8566187079995871
    },
    "transcription_s": {
      "p50": 1.2839456251822412,
      "p95": 1.4427692499011755,
      "p99": 1.4427692499011755
    },
    "llm_ttft_s": {
      "p50": 0.16360929189249873,
      "p95": 0.39031854178756475,
      "p99": 0.39031854178756475
    },
    "sentence_buffer_s": {
      "p50": 0.09779400005936623,
      "p95": 0.29605162469670177,
      "p99": 0.29605162469670177
    },
    "tts_first_chunk_s": {
      "p50": 0.4266302501782775,
      "p95": 1.1401044582016766,
      "p99": 1.1401044582016766
    },
    "ttfa_s": {
      "p50": 2.018407375086099,
      "p95": 3.4203347503207624,
      "p99": 3.4203347503207624
    }
  },
  "mlx-community/whisper-large-v3-mlx|llama3.2:3b|prince-canuma/Kokoro-82M [prompt=v1-concise-en] [stt-lang-temp]": {
    "n": 11,
    "end_of_turn_s": {
      "p50": 0.0004962501116096973,
      "p95": 0.009956249967217445,
      "p99": 0.009956249967217445
    },
    "transcription_s": {
      "p50": 0.7662246669642627,
      "p95": 1.1043665832839906,
      "p99": 1.1043665832839906
    },
    "llm_ttft_s": {
      "p50": 0.20166304195299745,
      "p95": 0.3149422090500593,
      "p99": 0.3149422090500593
    },
    "sentence_buffer_s": {
      "p50": 0.11419462505728006,
      "p95": 0.26887779124081135,
      "p99": 0.26887779124081135
    },
    "tts_first_chunk_s": {
      "p50": 0.37475333362817764,
      "p95": 1.0185520420782268,
      "p99": 1.0185520420782268
    },
    "ttfa_s": {
      "p50": 1.386037333868444,
      "p95": 2.296893958002329,
      "p99": 2.296893958002329
    }
  },
  "mlx-community/whisper-large-v3-mlx|gpt-4o-mini|prince-canuma/Kokoro-82M [prompt=v1-concise-en] [baseline]": {
    "n": 17,
    "end_of_turn_s": {
      "p50": 0.0005430839955806732,
      "p95": 0.9173841667361557,
      "p99": 0.9173841667361557
    },
    "transcription_s": {
      "p50": 1.1083570830523968,
      "p95": 1.4256309173069894,
      "p99": 1.4256309173069894
    },
    "llm_ttft_s": {
      "p50": 0.6475705839693546,
      "p95": 1.1891332920640707,
      "p99": 1.1891332920640707
    },
    "sentence_buffer_s": {
      "p50": 0.107228874694556,
      "p95": 0.13715787464752793,
      "p99": 0.13715787464752793
    },
    "tts_first_chunk_s": {
      "p50": 0.610835375264287,
      "p95": 1.2827091249637306,
      "p99": 1.2827091249637306
    },
    "ttfa_s": {
      "p50": 2.6732036671601236,
      "p95": 3.773952499963343,
      "p99": 3.773952499963343
    }
  }
}