{
  "mlx-community/whisper-large-v3-mlx|llama3.2:3b|prince-canuma/Kokoro-82M [prompt=v1-concise-en]": {
    "n": 14,
    "end_of_turn_s": {
      "p50": 0.0008493750356137753,
      "p95": 0.8566187079995871,
      "p99": 0.8566187079995871
    },
    "transcription_s": {
      "p50": 1.2839456251822412,
      "p95": 1.4427692499011755,
      "p99": 1.4427692499011755
    },
    "llm_ttft_s": {
      "p50": 0.16360929189249873,
      "p95": 0.39031854178756475,
      "p99": 0.39031854178756475
    },
    "sentence_buffer_s": {
      "p50": 0.09779400005936623,
      "p95": 0.29605162469670177,
      "p99": 0.29605162469670177
    },
    "tts_first_chunk_s": {
      "p50": 0.4266302501782775,
      "p95": 1.1401044582016766,
      "p99": 1.1401044582016766
    },
    "ttfa_s": {
      "p50": 2.018407375086099,
      "p95": 3.4203347503207624,
      "p99": 3.4203347503207624
    }
  }
}